Id,Churn
0,0.04493847665033163
1,0.6439947044838097
2,0.6375909347048225
3,-0.12113397929541697
4,-0.09677859435123354
5,0.21416657252820023
6,0.5553447831867138
7,0.29590052296382197
8,0.10336537000161712
9,0.45046705251327535
10,0.2953424776836582
11,0.14824968820133388
12,0.4005315671993668
13,0.18166780244233507
14,0.08049292037345765
15,-0.15813201809346178
16,0.27942511879816456
17,0.3845028508005913
18,0.14055116380205585
19,-0.06293729601420131
20,0.16541054447776127
21,-0.10679527843150155
22,0.7023403695256863
23,0.4849203191097392
24,0.1912550942609672
25,0.2798110803142243
26,0.2159157509382174
27,0.02507366441813552
28,-0.14035460149038415
29,-0.10165084504109106
30,0.43638522397603485
31,0.5058028361625442
32,0.6921670783754116
33,0.6261364205120599
34,0.14429846483498227
35,0.03574774827788432
36,0.3983127706847863
37,0.07478688045307666
38,0.2265823041394461
39,-0.020155013612072503
40,0.35585338864290805
41,0.5471339638053825
42,0.4535046758651612
43,0.30993606134834595
44,0.4069727061039546
45,0.39020612928932386
46,0.22388006610352648
47,0.1971288461595264
48,0.18090913047802734
49,0.15691796372677103
50,0.3570927101387479
51,0.7109269669214632
52,0.3483053285048785
53,0.20808237215549952
54,0.392347925393032
55,0.005354573671729479
56,0.026415857445196533
57,0.5786516207888748
58,0.617764021947927
59,0.2547561210482002
60,0.08500317964107056
61,0.583827164125448
62,0.24949988261508865
63,0.10757170852573021
64,0.7038215545213785
65,0.023417437378864064
66,0.3342693503632814
67,0.48467899997284514
68,-0.12325057206044832
69,0.44278581873980993
70,0.5381437818748221
71,0.5318916032407734
72,0.05349666264130731
73,0.5291960968066103
74,0.6813640591842526
75,0.06458787140359004
76,0.23184454745695726
77,0.0681816359110215
78,0.23627380743465315
79,-0.10981830943786486
80,0.4729618651304327
81,0.664692685362631
82,0.7263224392589095
83,0.2148724953241843
84,0.1785059337779883
85,0.006401016046951924
86,0.16267740478691625
87,0.4664647128479058
88,0.4185043445944394
89,0.1785059337779883
90,0.14328688544387266
91,0.25236521494817765
92,0.6633341417434145
93,0.7627733454433555
94,-0.09503898047801246
95,0.06404423942947428
96,0.25211759985405136
97,0.5036415415390048
98,0.36960763106476846
99,0.499995877555632
100,0.03934672811933558
101,0.6572681109909381
102,-0.09233767515866198
103,0.580211958738331
104,-0.050457544043262414
105,0.6187543152482747
106,0.2685684866804394
107,0.1805067038149721
108,-0.13109226387759637
109,0.2615102082157717
110,0.23119337331380052
111,0.15728905000976404
112,0.36068261324845563
113,0.3768951065639482
114,0.0013315138403360294
115,0.7204663628786329
116,0.012785546692408029
117,-0.08332073969496709
118,0.03716641843169212
119,0.5311407353985815
120,0.13121734574409583
121,0.013835783788414047
122,0.3395458941901933
123,0.3785198452827542
124,0.37345242123601863
125,0.33625215114213436
126,0.649069538623026
127,0.346935456855494
128,0.2207628939105734
129,0.23163691228517214
130,0.23127775426194896
131,0.16275590999416
132,-0.06590249697051404
133,0.0024920676018631016
134,0.35764742968437613
135,-0.016741810862459877
136,-0.03412372029363814
137,-0.050894683802053836
138,0.008789432661659352
139,0.28013755995253076
140,-0.12315639590818422
141,-0.05363060366042885
142,0.0812978675713516
143,-0.041113343751047
144,0.38936277215354753
145,0.29696910499520357
146,0.42277338649014473
147,0.06121017046818847
148,-0.04694709154708246
149,0.5007903158625513
150,0.0015465827487263772
151,0.6308777167599223
152,0.461170271283594
153,0.1429917397626467
154,0.23512864294134284
155,0.6435053863303777
156,0.058217879191526864
157,0.1334342129509441
158,0.02816458887372883
159,0.17267799342953027
160,0.3805201212003877
161,0.665475165199368
162,0.11982023403889491
163,-0.05349605192369997
164,0.5052009444403471
165,0.15999547735053632
166,-0.0364895766286554
167,0.23271445598008403
168,0.025712902281061184
169,0.5787660740979452
170,0.5924217929421824
171,-0.033957619904623954
172,0.4534466876356154
173,0.4598279152561043
174,0.15789704066814197
175,0.5923765364328774
176,0.18221813803959205
177,0.0016588697752336345
178,0.009733591447558226
179,0.8021523178312815
180,0.27495447896865444
181,0.15860963916126206
182,-0.02174882620338542
183,0.12606256635125235
184,0.2042816165901849
185,0.06842698186723967
186,0.1648159882462578
187,-0.016807716975155707
188,0.044564260877527934
189,0.008659314537064783
190,-0.0942692921430803
191,-0.02136856374407997
192,0.25159803729926905
193,-0.026663161101071947
194,0.2890256210865515
195,0.15544980255340787
196,-0.011625192778578736
197,0.2892321227559098
198,0.46754834044562904
199,0.5336261356588645
200,0.5019142880789933
201,0.6004801088795307
202,0.31383700682547844
203,0.5394385173299303
204,0.29038306139961634
205,0.02596740817644616
206,0.02395412728630547
207,0.5986688684525309
208,0.6390777836133217
209,0.5164424461719647
210,0.41022355623674667
211,0.2715455871324185
212,0.6103705983061734
213,-0.08410065385877688
214,-0.11174473206660474
215,0.5404196780056889
216,0.6805499252079568
217,0.5590104089458172
218,0.3224148350058611
219,0.48490705310030036
220,0.5075151424160932
221,-0.03415296448299862
222,0.2435045213139236
223,0.20445742843150572
224,0.09765338557307499
225,0.600475066338326
226,0.3596057736599284
227,0.18338762029596156
228,0.46811267948044977
229,0.36061643168115254
230,-0.08542525343015292
231,-0.05358566925289973
232,0.33995942650305594
233,-0.02617826420973926
234,-0.046107649632884745
235,0.08140739464599574
236,0.7318940215653051
237,0.35911818679476626
238,0.10695482027996156
239,0.37203785518618526
240,0.18265208267579838
241,-0.12571863646204545
242,0.1476301608731133
243,0.49492568965205097
244,0.040225020408459586
245,-0.07224155455582768
246,-0.07908947628672924
247,-0.08501002668959859
248,0.1563905775383616
249,0.09790719939278338
250,-0.08892485599117891
251,0.043396021571218454
252,0.15550157207897453
253,0.5081354551181712
254,0.30983596611617603
255,0.4447931233447469
256,0.17494035209074915
257,0.27358872926126454
258,0.1771374578547348
259,0.5732944416933199
260,0.16903186471470882
261,0.4181601914284795
262,0.2862721694184296
263,0.3468318205551738
264,0.573046213467872
265,0.21410441057808244
266,0.5424376543410597
267,0.2833165587919092
268,0.16005256811812632
269,0.08992579360320158
270,-0.0896898423923555
271,-0.012963711795302202
272,0.38841995004548713
273,0.5227675193317445
274,0.09176401812636635
275,0.25461428325582425
276,0.04273433895904859
277,0.06619233249124776
278,0.22925484165706428
279,0.02806552500516768
280,0.5664143484074269
281,0.12357488987927268
282,0.5267309922654111
283,-0.07875332958074832
284,0.30862916451426825
285,-0.003254289324235299
286,-0.1286036086749921
287,-0.07572962385187429
288,0.23529409918362434
289,0.7013199691040423
290,0.35509834199010315
291,0.6085703688096269
292,0.07329638060862216
293,0.3735871924849882
294,0.5583568646249728
295,0.0750064770686095
296,0.18404559023416944
297,0.5014183581379715
298,-0.09368101360448425
299,0.3398717315710872
300,-0.08141011695445241
301,0.1790926396360604
302,0.16917065817457164
303,0.71928891523259
304,-0.07204505883474496
305,0.1833713590216735
306,0.38926238479971825
307,0.5698550370693183
308,0.6828125108975043
309,0.6710349948994714
310,0.09940560935034407
311,0.02055188775579242
312,-0.0009932186351223615
313,0.003065423269287798
314,0.5079886447090063
315,0.6721456604098204
316,0.03124296180612174
317,0.2406191643492048
318,0.6748917079391378
319,0.5656140068658555
320,0.4952613419670454
321,0.6502886842649099
322,0.5448052369577461
323,0.152735315446395
324,-0.05281522551965909
325,0.5490848638906357
326,-0.05770355847657646
327,0.25897995149046926
328,-0.06011931438051374
329,0.4370273455463881
330,0.2013138231307426
331,0.38415368080863926
332,0.37576545716922494
333,0.15328353378071827
334,0.43783594679017995
335,0.17681518454189216
336,0.02766351322432048
337,0.1633329629452578
338,0.004402515681673852
339,-0.044659308159119726
340,0.46210440937200337
341,0.3056003916676826
342,0.24810565868472295
343,0.34211098753784874
344,-0.11956786998664093
345,-0.01053987809100973
346,0.3961803979262518
347,0.2325164726152134
348,-0.005696031295446241
349,0.41970721637747244
350,0.11936599026355307
351,0.08780702624102339
352,0.29560802234581174
353,0.08294005640388348
354,0.3832323854848263
355,-0.10022553158823727
356,0.6130044975247941
357,0.5853271776435034
358,0.46920837735921456
359,0.4709421921050474
360,0.28896335861024347
361,0.023637842687230043
362,0.4849311294950561
363,0.08432300083636629
364,0.2859952925650395
365,-0.02697491929752191
366,0.15637062930392184
367,0.20532554448359577
368,0.0271972282367188
369,0.17120978047804059
370,0.12861445405054067
371,0.3779669951551098
372,0.012795705292675874
373,0.6957928356016195
374,-0.04823943902584643
375,0.1731912837776997
376,0.2694351714960763
377,0.1569032131842404
378,0.6637355988990512
379,0.5569941379853325
380,0.4256271307555142
381,0.0692304865299255
382,0.019177535508322213
383,0.39436653812446537
384,0.2969912122935909
385,0.5452452197878509
386,0.5299787786790617
387,-0.13518649484083378
388,-0.06926275668407683
389,-0.14284162781259824
390,0.5408552021803132
391,-0.002543722703817114
392,0.6463562599865657
393,0.47942046518972964
394,0.034902359238111386
395,0.43101967518505335
396,-0.027471700215131012
397,0.054871806951266006
398,0.22058594980456186
399,-0.045184375351089406
400,0.3708454274849087
401,0.05400802424314316
402,-0.12356737747005447
403,0.17774708961539235
404,-0.08531716569716319
405,0.5707902116059664
406,0.578459616089805
407,0.3444146672785251
408,0.17913285465625933
409,0.0460357935975228
410,0.0538666130288455
411,0.0020268412800125424
412,0.5859167083443702
413,0.5369394201461284
414,0.18049118322584665
415,0.1976260755679634
416,0.07928681643365146
417,0.4438202980670717
418,0.2786117609440805
419,0.13164123427156635
420,0.4284810309909478
421,0.35475311510591745
422,0.515930764482884
423,0.1271136881196679
424,0.1049083938255878
425,0.6060594233737459
426,0.22553127612104873
427,0.02042951443994276
428,0.6642745230608212
429,0.26812446186029015
430,0.050017564073035495
431,0.1350878439830826
432,0.4665733004674799
433,0.4383879208846007
434,0.5994228948903076
435,0.5938974532058966
436,0.06548091582150588
437,-0.029792633106275862
438,0.36016449841100817
439,0.47746255883656985
440,0.05238340243984714
441,0.3270612992825116
442,0.21393808915485027
443,0.06038198801369865
444,0.35093005235357944
445,0.0015844185590035142
446,-0.046924183200342334
447,-0.0024461447870120223
448,0.5314905693459017
449,0.030067145979352283
450,0.5763805415362321
451,0.36714799018634864
452,-0.16401352047956064
453,0.5785833392789121
454,0.028989684709931546
455,0.12686251737218465
456,0.2773221707130454
457,0.010373500531770413
458,-0.02125966074278554
459,0.22953453139490454
460,0.31112981968282327
461,-0.18799617830620557
462,-0.08321210364386963
463,0.045676482992867834
464,0.23293441986739413
465,0.1790421223473626
466,-0.06958893233327226
467,0.6466208498556656
468,0.1906210729175019
469,-0.04823889232101938
470,0.5618733876028544
471,0.3107746363330281
472,0.180700156851937
473,0.3407526074400188
474,0.5642293764395664
475,-0.13617581591359396
476,0.6743944379380303
477,0.13799698987846554
478,0.041901913863938864
479,0.30719287072050466
480,0.3949052234402822
481,-0.016078232600859332
482,0.3554483292939403
483,0.3888505336870293
484,0.12430600278387141
485,0.4315282795365125
486,0.46730932115624857
487,0.25350953477643134
488,-0.0010361139215701864
489,0.049136995297756336
490,0.6047518531746447
491,0.23661835749199464
492,0.21516441055365643
493,0.059573073206112354
494,0.08211102944656735
495,-0.04667274111685077
496,0.16155629718939826
497,-0.041837643364896565
498,0.5105456749853432
499,0.11324836812676703
500,0.6450131476016071
501,-0.001589025825203011
502,0.1801191098998443
503,0.46734453982214963
504,0.3482521336655715
505,-0.08581801909648967
506,0.25044673560653763
507,0.34480448981899325
508,0.5326746772348488
509,0.11638632097762869
510,0.5379585528191704
511,0.27822212426883663
512,0.4467442250670393
513,0.3862386875259908
514,0.11622161912700864
515,0.139469261021524
516,0.25512189788012807
517,0.7443510534621424
518,0.49614276041130684
519,-0.1347199370495118
520,0.5615040408305922
521,0.0022048020327020967
522,-0.0918439898590657
523,0.1886244522370144
524,0.6808633856470924
525,0.16820017197023565
526,0.37188870824844167
527,0.10925489899524347
528,0.6341167252021576
529,0.12450121872557798
530,-0.08573155061835627
531,-0.04445320602296829
532,0.21859868639346025
533,0.4186424886142184
534,0.6518523190332967
535,0.46860221563793225
536,0.5027869503512302
537,0.04765272795679615
538,0.47929829950725183
539,0.2644474880770469
540,0.48271703095437757
541,0.6755569924596099
542,0.24986348359689903
543,0.20952975458241524
544,0.21231599952446345
545,0.3029215462103364
546,0.3938579010387687
547,-0.1483195903405321
548,0.44987599154818697
549,0.1575631835094766
550,0.13302552723672312
551,0.04780426174364315
552,-0.14777407981817514
553,0.15741992816899886
554,0.14445414500793693
555,0.025026296529425812
556,0.6621209772266389
557,0.6527108023626792
558,0.042680065497172154
559,0.35855643406125814
560,0.423685340296578
561,-0.020958891892021186
562,0.03939450530053999
563,0.06620256106475075
564,0.3104074822047924
565,0.18469755491567308
566,0.6648630269066766
567,0.12481560801485565
568,0.54977378909083
569,0.09765104634433822
570,-0.08111156605267436
571,0.7056085890592401
572,0.6543803031167584
573,0.18046399090347232
574,-0.11259371885713881
575,0.3693310285709857
576,0.2970371503534304
577,0.46096843185875475
578,0.32272669779422436
579,0.6362749497330261
580,-0.07918816182253446
581,0.5885501534336871
582,-0.057847017075294244
583,0.032016855582449724
584,0.2988678700583077
585,-0.056015243863928504
586,0.29005797088573937
587,0.06034991914369113
588,0.7042327329603738
589,0.44001042408888646
590,0.7590765630624594
591,0.17332555291311363
592,0.5480693316419077
593,-0.023463360117523757
594,0.4665624472750569
595,0.5879435229616428
596,-0.09156129830524953
597,0.47496736982071475
598,0.3784402668739203
599,0.06122812058238862
600,0.017949935259469307
601,0.29924868181877684
602,0.11455796628922252
603,0.5545342832299229
604,0.02625602513791292
605,0.3179664077779628
606,0.14586431138228276
607,0.6310255711168817
608,0.19798488624488159
609,0.31293943028811694
610,0.5389952671129485
611,0.17880453598036644
612,0.36404340876094526
613,0.31433593046180963
614,0.05128099952750963
615,0.06202126765518398
616,0.5572514477434897
617,0.07991952713788644
618,0.09935096286148049
619,0.322569834891693
620,0.06411104270092668
621,0.4262375868817682
622,0.5043729492303209
623,0.6807227338512699
624,0.09352109381012191
625,0.22117807793356584
626,-0.04425340074178388
627,0.13740669993902388
628,0.6098096994728499
629,0.3553623893320838
630,0.5318723198404853
631,0.06377366310662028
632,0.5873987787602563
633,0.005885397237623546
634,0.5915722681949849
635,-0.06509424255449434
636,0.1503585271098031
637,0.069106498051868
638,0.3002313824389051
639,0.6025401416840066
640,0.6238177352580662
641,0.30136503321140257
642,0.09744640604020807
643,0.15921873710138174
644,0.21092850256399615
645,0.1323471421365971
646,0.11018684792926135
647,0.11990389019122075
648,-0.059361176816936645
649,0.28764706095900205
650,-0.04187182371248013
651,0.7225300659706363
652,0.011864950696791027
653,0.3556714605767385
654,0.2398013786088884
655,0.5773252533867539
656,0.2794731906488701
657,0.09484929452654903
658,0.022856427501962456
659,0.3266081509386387
660,0.14196597507924968
661,0.07787374852789142
662,0.4034481129169625
663,0.25949488905382107
664,-0.09944556398236015
665,0.6884632457091299
666,0.7345023938678764
667,0.2679656859973911
668,0.03624972594759415
669,-0.030038788431293095
670,0.04862865374484446
671,0.5215698153035677
672,0.6119692662161906
673,0.30591911559630125
674,0.6866942737273035
675,0.1781567790124033
676,0.050098351622796286
677,0.3517493483652766
678,0.3843915394081906
679,0.6077512470660398
680,0.3476677150595352
681,0.24749854987449355
682,0.06223875061500228
683,0.3382251849727804
684,-0.07452575672909037
685,0.29186083289123355
686,0.0565025209928228
687,-0.05065920566214521
688,0.27686287853455394
689,0.3374963655790597
690,0.6504356918265272
691,0.781170639382489
692,0.41943704562292805
693,0.32130432192768205
694,0.0015132419564904687
695,0.5376596409247285
696,0.37410402973014356
697,0.03337729355598948
698,0.04296037011496391
699,0.03782399959267993
700,0.11017678895155766
701,0.24715538590750377
702,0.17244972642179252
703,0.13167122873786238
704,0.7448102671373964
705,0.026225344905292047
706,0.09591946263166941
707,0.5516694328646354
708,-0.02407035396723292
709,0.015324627118530193
710,0.025861228612080428
711,0.23595699045332438
712,0.32986108471367825
713,0.17134740064071613
714,0.29988223246972534
715,0.22429987656236744
716,0.6672273988809655
717,-0.0710455873292303
718,0.40629524800841504
719,0.7156141670347479
720,0.14341292482154525
721,0.20022474835976514
722,0.31261154483414677
723,0.41156622132657317
724,0.18041489252564874
725,0.6077246817251306
726,0.08207421055205254
727,0.4678203136760801
728,0.3674290167679334
729,0.013123577269544662
730,-0.0040343033780049775
731,0.6633760843220959
732,-0.007476406589485757
733,-0.05149496556304686
734,0.08766639295957973
735,0.4978177060208703
736,-0.13157723978668684
737,0.392771371145364
738,0.4333193964202769
739,0.40334120002221974
740,0.420130765164196
741,0.33396403012788156
742,0.4403476803848168
743,0.3371238679839559
744,0.21237165536918592
745,0.3101753048291271
746,0.10456636867544841
747,0.3871827992746626
748,-0.08417132909194688
749,0.5984838556778588
750,0.4663764395292594
751,0.07786554729387685
752,0.27449900342471567
753,0.0800645777655523
754,0.5844687691707829
755,0.1831405678861654
756,0.2997013827752704
757,0.4918846107930484
758,0.05345840355254772
759,0.6189255562670524
760,0.40990164638372245
761,0.6018408928837902
762,0.5538604733823698
763,0.13246901465640398
764,0.24261638976287844
765,0.18199352302438282
766,0.48953233152647724
767,0.0015563286451373004
768,0.14095540714368163
769,0.43963348066435803
770,0.5802671197173916
771,0.10549552879218621
772,0.6749660385369279
773,0.17527406409942092
774,0.5018370582642524
775,0.10113976858974409
776,0.07669292344966255
777,0.4603597487315993
778,-0.023430808890046118
779,0.5971502068799578
780,0.09554832779958433
781,0.4962190491105686
782,0.575237444421151
783,0.5069662241737879
784,-0.13390779208027792
785,0.5812780740443239
786,0.16972920715039327
787,0.15825568139519267
788,0.5607836416373597
789,-0.058398222382516546
790,0.5980246863303207
791,0.5509504510698546
792,-0.008468435249414041
793,0.5322822477705841
794,0.6614215060708635
795,0.5645585156431523
796,0.3765859874765277
797,0.021061859561764595
798,0.13131283299629526
799,-0.07967927680565917
800,0.29296987060727264
801,0.40489080002034294
802,-0.002190736759572598
803,0.6455409701475312
804,-0.04183999333656907
805,0.2875975031347331
806,0.009352563319376367
807,0.45734380395498314
808,0.2161008106112039
809,0.3268152586980998
810,0.16755894796673199
811,0.361280943856906
812,0.3394504204394524
813,0.20125584549256717
814,-0.013881209724950688
815,0.5682769855915024
816,0.3087751329844138
817,0.48290093791347877
818,0.06938421679408237
819,0.12276813846945585
820,0.07978219889724089
821,0.7192055240573244
822,-0.027681847444101376
823,0.0626497141105984
824,0.08422341655408788
825,0.012464210801412384
826,0.04559219802922396
827,0.5209040802910925
828,0.7308904713749382
829,0.7161040339953565
830,0.7773805482585633
831,0.6240267088841565
832,0.18521998898089892
833,0.2826854001528622
834,0.25555100767881966
835,0.40033683270911413
836,0.09896238387001555
837,0.6747896966097403
838,0.5036131411759348
839,0.39678297774568255
840,0.23178506492389717
841,0.17944631509539488
842,0.20520699625730693
843,0.34678325350479455
844,-0.08460029933501914
845,0.33952552717054585
846,0.5708666580925297
847,0.6497379248136735
848,-0.02063468634309268
849,0.271993297992978
850,0.3885325271945851
851,0.19076365727568836
852,-0.06690523887762737
853,0.3047667666198712
854,0.27374645139436315
855,0.236031260202392
856,0.48833520131237873
857,0.04462055136282932
858,0.6550267869594074
859,0.05552164922241737
860,0.5378183204503442
861,0.15640829596919562
862,0.12128323165127089
863,0.3964452940035936
864,0.17077459058538466
865,-0.01191014194926776
866,0.07734766300850496
867,0.32761114404460023
868,0.2854891548591677
869,0.4563760936681856
870,0.6737641356640852
871,0.09153905341245111
872,0.1497432498774776
873,0.439287734063613
874,0.6502403177411701
875,0.45415383553549715
876,0.3877549511966674
877,0.2115732204734812
878,0.006770132800433731
879,0.19652178829242353
880,0.17439417265534268
881,0.10731950619882635
882,-0.04785897782983403
883,0.7553212988583337
884,0.10379979135123527
885,0.3688545030030955
886,0.36779163071204324
887,-0.05060015986618299
888,0.12370274250731891
889,0.23346396074748
890,0.4120591233663825
891,0.15644921051045005
892,-0.02940013990556331
893,0.6764726442496181
894,0.12170841590858288
895,0.08012423096960915
896,0.1264273593856961
897,0.48294752952992
898,0.04944340775842368
899,0.7174500676799745
900,0.03986151809839464
901,0.3195748612998905
902,0.17816943069945815
903,0.10855055624175193
904,0.2161354236018656
905,0.0035455864580970775
906,0.5972436393699112
907,-0.028412188419840945
908,0.06159763810348248
909,0.6842720395193594
910,0.016850578650374676
911,0.1323937286941121
912,0.0006234291266343506
913,0.43334021799928046
914,0.12584781954832006
915,0.11452998456671955
916,0.6900919315479916
917,0.5106216728858821
918,0.17923734146930453
919,0.6556824075695172
920,0.12572437632273206
921,0.7696125133558432
922,0.2716903044435277
923,0.15001292930017807
924,0.5749259228504519
925,0.15196417141405297
926,0.13402280272793582
927,0.18511550216785377
928,0.11416862848580009
929,0.2755593366382321
930,0.577879580193339
931,0.3304390539885991
932,0.727834184257646
933,0.041252579580212625
934,0.1218674327775301
935,-0.015761566451484882
936,-0.017457225767254142
937,0.4100690315245924
938,0.23683588269311662
939,0.031957492901309587
940,-0.11990250004909686
941,0.5095814375059131
942,0.4962276255394924
943,0.00407080228324011
944,0.10715572916899335
945,0.6919330409300967
946,0.4108627839723641
947,-0.004483710430416482
948,0.16442083470051222
949,0.5116286188200072
950,0.6117506557682519
951,0.034099835988671015
952,0.18438409447653753
953,0.43705758360169866
954,0.28594968344916183
955,0.32956211532492863
956,0.21580336642060313
957,0.403849594884758
958,-0.00131065022037688
959,0.15504169731482959
960,0.408488074404487
961,0.5102459264183085
962,0.22080735301895588
963,-0.008294090344958871
964,0.5356507757622934
965,0.7204709613258923
966,0.37575134657720255
967,-0.04213133362670987
968,0.19290257779648615
969,0.10352865991448788
970,-0.02846795721463441
971,-0.097463180269318
972,0.43413901459566584
973,0.2444985197223261
974,-0.04451398185273267
975,0.5723937967379598
976,0.16386797051498436
977,0.06636785591647831
978,0.5429056330345561
979,0.08792108345360489
980,0.6527758886636364
981,0.16639138755158414
982,0.36336846559400393
983,-0.06031206552575141
984,0.3994840308228116
985,0.06794028136741656
986,0.09694883657233573
987,0.6138819034166288
988,0.27453046429831873
989,0.04484389793560446
990,0.6533177401811417
991,0.5839826052074345
992,0.2732846324541346
993,0.16497843561050715
994,0.43183468803778147
995,0.5010678230672811
996,0.17767204054544938
997,-0.09140488405271888
998,0.6673284968011548
999,-0.17475300830005153
1000,0.0015068200310693058
1001,0.3406514469495402
1002,0.17808798652580757
1003,0.15639245763127327
1004,0.5063832353496966
1005,-0.06360475392181111
1006,0.040565004154456186
1007,0.0789196565025906
1008,0.2338851445687154
1009,0.2926925778552203
1010,0.5233372071374907
1011,0.46417198085664463
1012,0.16822946325032168
1013,0.34105452274847636
1014,0.12042660460207444
1015,-0.07747480462049161
1016,-0.06414617204972695
1017,0.2083203553016742
1018,0.44638599144667324
1019,0.666101554212632
1020,0.6165357084082226
1021,0.04070858474596882
1022,0.03806382934989849
1023,0.05899448282850597
1024,0.17747873777370077
1025,0.6753814116726582
1026,0.5635708900605887
1027,0.08795852719029257
1028,0.07000535844433467
1029,0.705895801294792
1030,0.2840560300069286
1031,-0.0426845242033104
1032,0.006245321533438736
1033,0.19479242207631503
1034,0.177809946252517
1035,0.4450505308637881
1036,0.5675584162264691
1037,0.24681675981363904
1038,0.34761840180244735
1039,0.010551591355845574
1040,0.48646009382659616
1041,0.3354449355624105
1042,0.5530147373661453
1043,-0.05924721848555617
1044,0.033687680177900595
1045,-0.0745064340119024
1046,0.039362685221134924
1047,0.34933318055737017
1048,0.6405767505805786
1049,0.015669941589950026
1050,0.22485095009280548
1051,0.16264528068314632
1052,0.16153249803894912
1053,0.04599604420091634
1054,0.016637679152379292
1055,0.19802799371893454
1056,0.2563532151469529
1057,0.09139557464369956
1058,0.20814423669343518
1059,0.5833758560464596
1060,0.4638196419127298
1061,-0.01968511149976357
1062,0.06611604920968933
1063,0.03811332970641307
1064,0.2600990550168134
1065,0.43681890857915834
1066,0.12940704904966474
1067,0.15968573723987922
1068,-0.010812727860834342
1069,-0.046797136803213374
1070,0.12796248967762164
1071,0.21585698839334563
1072,0.13394483256507456
1073,0.12923109169637353
1074,0.031177240703032433
1075,-0.024235630831669908
1076,0.1050155388193354
1077,0.38891697576097084
1078,0.11426028579800311
1079,0.6132251424325276
1080,-0.015649353837766805
1081,0.776299333204376
1082,0.32534677719723804
1083,0.10977883836536903
1084,0.5523773598665507
1085,0.34922223320887513
1086,0.4721833198208628
1087,0.03553746386379428
1088,0.6973122488939523
1089,0.7213951502259386
1090,0.32374123671854294
1091,0.6430666503225372
1092,0.04659645832537716
1093,0.5285888673496516
1094,0.4516799929499081
1095,0.053399399408472756
1096,-0.05407823357698563
1097,0.31719203769462956
1098,0.3593526428897732
1099,0.2342705890170639
1100,0.39558953324458856
1101,0.3502054600628208
1102,0.10517048201705016
1103,0.013098817467569107
1104,-0.015482536795462076
1105,0.13571327987151546
1106,-0.03972177078816938
1107,0.07360941705821758
1108,-0.028975736845399086
1109,0.2813687274355896
1110,0.62355780187596
1111,0.07596015079686927
1112,-0.03822276700510724
1113,0.1747198895111931
1114,0.11656820376778174
1115,0.5669133433144757
1116,0.32937704421464414
1117,0.2857531395684171
1118,0.027621478917351977
1119,0.23880518727649425
1120,0.07924167524034238
1121,0.17539572069537934
1122,0.42481817319120413
1123,0.5552945576529897
1124,-0.0777962660874438
1125,-0.08012531448998611
1126,0.3882656031414293
1127,0.5341645822953616
1128,0.26358787106711223
1129,0.5069524495514722
1130,0.48597231854138856
1131,0.024457067921325876
1132,0.2933686099334059
1133,0.20687478613151633
1134,0.5210235470849514
1135,0.44577480828488447
1136,-0.1867000486663375
1137,0.018296510444872405
1138,0.392663347142335
1139,0.03447819159079782
1140,0.5694093286928337
1141,0.615824694059255
1142,0.13990971374877198
1143,0.02135755911862333
1144,0.5000106907694724
1145,0.3724555914843215
1146,0.18859219941792066
1147,0.254961976331584
1148,0.013454563041996354
1149,0.018150911639575856
1150,0.4265132349597235
1151,0.4678132114319018
1152,0.5485792952408148
1153,-0.05903659753240495
1154,0.3247258534093336
1155,0.05998727521892644
1156,-0.06651448174249433
1157,0.1812010205254918
1158,0.34516003154645103
1159,0.6703219884338985
1160,-0.05498581154880047
1161,0.3926199365801961
1162,0.3379839178825713
1163,0.20924808376210974
1164,-0.1467587057024189
1165,0.5545947539864473
1166,0.08502274205601487
1167,0.05108246716630982
1168,0.17432634325193477
1169,-0.06667650887936186
1170,0.12750944019098864
1171,0.046717029078003916
1172,0.3038007462408825
1173,0.15947711993404773
1174,0.16639258968979112
1175,0.5792033360400182
1176,0.22133708416776046
1177,0.011969914605387016
1178,0.5129737530776336
1179,0.13762823811578356
1180,0.0035204607335194704
1181,0.007561522098937484
1182,0.2691381994272418
1183,0.05295639816785938
1184,0.20252948130978568
1185,0.23847130985473075
1186,0.6225648661372767
1187,0.5438308973629803
1188,-0.036567645989568937
1189,0.1292175053119996
1190,0.036902914371298
1191,0.08399256617386183
1192,0.30878844143576534
1193,0.4664201297582157
1194,0.5901043488660989
1195,-0.03132948980163067
1196,0.19046885299503447
1197,-0.01082167362239092
1198,-0.067743996215581
1199,0.19837747322531837
1200,0.2676217105967422
1201,0.11279100470518838
1202,0.051629835099193916
1203,0.474655265955375
1204,0.29499661337211347
1205,0.15052919641517343
1206,0.4992607505225826
1207,0.11783051621153826
1208,0.5270272078776961
1209,0.040992550697307034
1210,0.4730427941755961
1211,-0.03362616407735866
1212,0.212091161861698
1213,0.7228675696117793
1214,0.22548070301772372
1215,0.44388206786294554
1216,0.2945715849104652
1217,0.6885800288000179
1218,0.313310254442536
1219,0.0981520957590305
1220,-0.013765815411769883
1221,0.4293911228405177
1222,0.707262850538684
1223,0.3126012033949479
1224,0.07271688271850273
1225,0.40242590405995504
1226,0.655577920756472
1227,0.6697291135614707
1228,0.5499594112151546
1229,0.6165708961870773
1230,-0.029756476960672518
1231,0.4653362252655124
1232,0.629546943609606
1233,0.5793043255021783
1234,0.2275464598342842
1235,-0.023544884408462835
1236,0.7351293147461474
1237,0.5746419499704176
1238,0.5811705683112443
1239,-0.03214874439971119
1240,0.2759296413856695
1241,0.1446096908490916
1242,-0.008973376444292164
1243,0.6581190538171365
1244,0.01839038121316794
1245,0.07480404394447532
1246,0.35054477877442103
1247,0.10820227970061806
1248,0.16579757097892633
1249,0.18935634579161376
1250,0.06604561961109762
1251,0.4707495836302866
1252,-0.04918296983327991
1253,0.6827079832991283
1254,0.2079729842218639
1255,-0.09551960382305241
1256,0.4384511040749149
1257,0.630182721738198
1258,-0.05263039242191164
1259,0.23839463331376265
1260,0.6831816014290941
1261,-0.03679325165560818
1262,0.18143156454325324
1263,0.32863186685992474
1264,0.28969339224706914
1265,0.21723901496943773
1266,0.5211828077622471
1267,0.3684922233604642
1268,0.5461634086545366
1269,0.35446528220721685
1270,-0.0654758185751598
1271,0.09063416727611745
1272,0.20006692109098517
1273,-0.016348467827434987
1274,-0.023148597815270816
1275,0.2646157515476842
1276,-0.0255862492759108
1277,-0.0945309031579813
1278,0.19644385029784295
1279,0.35495677442362983
1280,-0.032533044886515816
1281,0.5291036919272948
1282,0.7240692648830264
1283,0.17239226877116792
1284,0.6025214042449639
1285,0.2071549084879305
1286,0.17408863662260451
1287,0.5788393102545369
1288,0.5673565186555309
1289,0.022249893053757797
1290,0.23409606031962737
1291,0.5688984134882809
1292,0.12621254341483532
1293,-0.023731418093696416
1294,0.32227688176077174
1295,0.44814392605890463
1296,0.15812458379824545
1297,0.3376367297071098
1298,0.5281447288652533
1299,0.43247470884581224
1300,0.6477846381846841
1301,0.682331302470021
1302,0.028117167153907024
1303,0.6020241288375051
1304,0.10153947147159312
1305,0.15479472749835654
1306,0.303614268942092
1307,0.008935939620945438
1308,0.10411053555902708
1309,0.6275016728826666
1310,0.12311672101636972
1311,0.4785995466154241
1312,0.32268212747243896
1313,0.006724537454119467
1314,0.01281510621355067
1315,0.4151282782291515
1316,-0.04197685145398303
1317,0.4934708821425125
1318,0.027423602289494503
1319,-0.03083298954207736
1320,0.1632555130654885
1321,-0.12579097723437588
1322,0.2326209594282586
1323,0.37362642845311433
1324,0.0934339797774863
1325,0.5208391152943707
1326,0.5584524512975186
1327,0.1516206083883434
1328,0.6567427789411033
1329,0.39695152998889704
1330,0.6903535881397008
1331,0.2249187955996092
1332,0.28728613427870053
1333,0.25756920448917603
1334,-0.025501145190825997
1335,0.6104667950151592
1336,0.0793700982666134
1337,0.6155566010320443
1338,-0.04875601811460836
1339,0.7094171686353894
1340,-0.003910167870397024
1341,0.2944366665133443
1342,0.08102979056713285
1343,0.1765631667604053
1344,-0.014521285001578427
1345,0.212649498496427
1346,0.028046829286170083
1347,0.01655224473207309
1348,0.4980003429196177
1349,0.07745106122802452
1350,-0.030402625135891287
1351,0.008996981831789708
1352,-0.03543278163904742
1353,0.41992440181141694
1354,0.24772860540615405
1355,0.5095872708546026
1356,0.11262238174269895
1357,0.41925044849298504
1358,0.047102731136458464
1359,0.2911603124905314
1360,0.16201274293338896
1361,0.15922183813664545
1362,0.5838370124390333
1363,0.07007568459392924
1364,0.1162520728966232
1365,0.5288605495207526
1366,0.2556965023656068
1367,-0.1489330398293161
1368,0.29652611261015804
1369,0.055662215949043664
1370,0.0743039502485832
1371,0.4834884468107071
1372,0.04243806257668503
1373,0.2199117413745466
1374,0.04166377233995128
1375,0.356101877950467
1376,0.11900512843479193
1377,0.3726620868271625
1378,0.3868644868264607
1379,0.2850180202085274
1380,0.6625755291626642
1381,0.5600749854921028
1382,0.49422633873619465
1383,-0.04495593330513725
1384,0.49038465504291784
1385,0.6853021927893422
1386,0.5549811620694924
1387,0.15823385290703734
1388,0.5867677745390001
1389,0.5301388751983478
1390,0.4423785215381323
1391,-0.07720482139010984
1392,0.6581291066960967
1393,0.2822023550143654
1394,0.01934051867859979
1395,0.5340086358473779
1396,0.17022588590085197
1397,0.02081699960479852
1398,0.28274050158162567
1399,0.27158180252284914
1400,0.3310194891362749
1401,0.10313219806320817
1402,0.23797668606158193
1403,0.020101732882069068
1404,0.17997359359015486
1405,0.16223001698321685
1406,0.18448858128958273
1407,0.2322030121760779
1408,0.19386753996008863
1409,-0.07841465904906444
1410,0.15856659093430464
1411,-0.15914145299279125
1412,0.478775319662278
1413,0.4699310417999992
1414,0.02201116741716372
1415,0.06061025555401536
1416,0.28787780321101
1417,0.0011430582997651317
1418,0.17951814067907929
1419,0.23998565627207516
1420,0.09181567263561513
1421,-0.05549426678014166
1422,-0.06355154185179779
1423,-0.009773619540757755
1424,0.17132011509635922
1425,0.07349998457678691
1426,0.1304981601037215
1427,0.13019292004044347
1428,0.7358361919140505
1429,0.38640018917282604
1430,0.1952340406110954
1431,0.27466573576012054
1432,0.4052214305668699
1433,-0.0877043299565961
1434,0.5907316027077164
1435,0.36635183529528753
1436,0.4372165171453845
1437,0.2554021195477475
1438,0.46799235105418985
1439,0.4890865574807009
1440,0.1793418282823497
1441,0.47528848822524705
1442,0.24836100165136324
1443,0.577815875731609
1444,0.2833282794427161
1445,0.24292966802141308
1446,0.26591409184161896
1447,0.29502993630931174
1448,0.13937893152718925
1449,0.6862191122804157
1450,0.14005506201377893
1451,0.5085993734551653
1452,0.48507108303838875
1453,-0.1207640024781999
1454,0.23147660244585777
1455,0.0026592040019481344
1456,0.17867122194713098
1457,0.31355145193498535
1458,0.19752481496878038
1459,0.6235042748189306
1460,0.5512514856124547
1461,-0.1578335134623256
1462,-0.011114770635121562
1463,0.17965528872148523
1464,0.34040295946970767
1465,0.5815398818024979
1466,0.029799766543631673
1467,-0.11821115891364209
1468,-0.06569854286920054
1469,0.4483286109943816
1470,0.260976456508758
1471,0.027017456101245868
1472,0.3058646393700365
1473,0.37505841526496353
1474,0.4420975058448126
1475,0.7649490086553584
1476,0.10602796213364647
1477,-0.045256427488989115
1478,0.2612972639556227
1479,0.47935698406724014
1480,-0.07996780155334321
1481,0.23682733111808502
1482,0.019913137063112235
1483,0.2328960875245416
1484,0.24250115081937873
1485,0.18521998898089892
1486,0.032178571889913105
1487,0.17849026565768167
1488,0.27499578432789484
1489,0.2184352148994018
1490,0.43173020122473627
1491,-0.05556257040191473
1492,-0.05581101218213805
1493,0.2729518192982324
1494,0.671750761114421
1495,0.4243234669799701
1496,0.30873473554017195
1497,0.2705548701946989
1498,0.31332845151197675
1499,0.2071695149698226
1500,0.012863921989311161
1501,0.1141131967156087
1502,-0.08050134871828532
1503,0.21096746739724223
1504,0.817249807866917
1505,0.32826469672615144
1506,0.6556459623589918
1507,0.22642128910563925
1508,0.6368664044875259
1509,0.42728772439747625
1510,0.11294390572263463
1511,-0.047998072376249284
1512,0.17064463138406163
1513,0.1736809318904917
1514,-0.056264007666670696
1515,0.37207964195400745
1516,0.0315321950159272
1517,0.4938911515262333
1518,0.4068964222586579
1519,0.13255416510846252
1520,-0.0561748673688425
1521,0.15273812289910807
1522,0.10900072781811168
1523,0.22690578733662772
1524,-0.16304828929502707
1525,0.5392207559645383
1526,0.07586247283958006
1527,0.6729085070352541
1528,0.3352602752199477
1529,0.5547502584052547
1530,0.28997272673089824
1531,0.21711425966555753
1532,-0.003882726971573741
1533,0.10351913024858239
1534,0.048958319346155715
1535,0.22440000407103453
1536,0.11661573222382382
1537,0.3922380946960143
1538,-0.09124874178501749
1539,0.41976952445492594
1540,0.07645696442417274
1541,0.5624969881758162
1542,0.44406319902755903
1543,-0.04224340440100141
1544,0.07163030035630114
1545,0.6203694729535183
1546,0.17200931094244448
1547,0.3169618458172269
1548,0.4819086543937726
1549,0.145744607279555
1550,0.6144055296247711
1551,0.6185687825689004
1552,0.43814540956302483
1553,0.028009847456443665
1554,-0.08657750904687486
1555,0.15125794230393505
1556,0.23000594122394077
1557,0.5682194026182634
1558,0.02313046088760287
1559,-0.15227997410223149
1560,0.3320595405174722
1561,0.06400284466015013
1562,0.06892967213440335
1563,0.5338239358116741
1564,0.17822648804592744
1565,0.2856715438315337
1566,-0.01381361518688154
1567,0.0869364278704643
1568,0.561898282139887
1569,-0.0722789292022433
1570,0.2927236265636143
1571,0.2075945783397447
1572,0.1968451543146498
1573,0.017028699234889644
1574,0.4813150662120478
1575,0.6654238780043181
1576,0.10037981495534343
1577,-0.053845978250194576
1578,0.28182635328065014
1579,0.3902500895767931
1580,0.520402751449754
1581,0.012165798517141807
1582,0.18438409447653753
1583,-0.07745821325144633
1584,0.4679323602080293
1585,0.33755700909062414
1586,0.09111220499091487
1587,0.06752876591137885
1588,-0.03253834831968688
1589,0.47104847600085337
1590,0.4486166417755318
1591,0.45060968935406
1592,0.6295013267852366
1593,0.2128356789355761
1594,-0.08960069903815623
1595,0.2936563815723064
1596,0.12485683096016689
1597,0.17352143142351806
1598,0.09913678877678428
1599,0.48821720377672384
1600,0.6372960746230268
1601,0.36639329903319157
1602,0.6611207844681203
1603,0.5891389973809981
1604,0.14794344465577147
1605,0.3561978225956175
1606,0.16789961564523037
1607,0.30799673505242364
1608,-0.014501636358120212
1609,0.5542738298789748
1610,0.1289861375196837
1611,0.331921753595244
1612,0.7081149684021305
1613,0.28308932471658377
1614,0.21570299449247038
1615,0.1766009721045157
1616,0.45164921367803823
1617,0.29472471037903214
1618,0.3485868115635426
1619,0.3235379261334629
1620,-0.009216482480993354
1621,0.3753267376520672
1622,-0.01021090138565997
1623,0.3149750155573362
1624,-0.05661896369352537
1625,-0.03647763374175747
1626,-0.03336557248229244
1627,0.2854975706463136
1628,0.4502398509257646
1629,0.2873302479094658
1630,0.16953616209462774
1631,0.046708751530713216
1632,0.31123813571674086
1633,0.16381240800510827
1634,0.2791740869663626
1635,-0.013236194713037136
1636,0.0167584108978249
1637,0.7308453554112951
1638,0.5145945119516216
1639,0.5434062967969613
1640,0.39234228949020755
1641,0.24814220167426765
1642,0.0773514405976122
1643,0.2819808257614962
1644,0.3531273518723451
1645,0.312121298299041
1646,-0.05292532520887286
1647,0.43269589024863264
1648,0.2776574786546907
1649,0.4853804831849777
1650,0.10491469941582778
1651,0.1583116737468176
1652,0.1753516847579231
1653,0.6089909539557287
1654,-0.06593444796290246
1655,0.35904617383260506
1656,0.17121381723890527
1657,0.02317607570831476
1658,-0.026457944490384078
1659,0.4225528065698088
1660,0.2777241876994141
1661,-0.07160633546531758
1662,0.019025152066441037
1663,0.37705965666044594
1664,0.1756713031005684
1665,0.6244446561363373
1666,0.331415518916484
1667,0.2524706166655306
1668,0.06897381993247707
1669,0.06440335110282633
1670,0.6262478311261246
1671,0.2322575610921071
1672,0.18818859941205685
1673,0.16806106432105822
1674,0.09832050382698357
1675,0.35890871097524857
1676,0.38808396132007983
1677,-0.03584361928899796
1678,0.4711396430029152
1679,0.23432661444537414
1680,0.16777931135385343
1681,-0.0530319946465537
1682,0.6058745845639292
1683,0.4623481786420216
1684,0.6113780177128179
1685,0.08117554823075011
1686,0.7107523246899757
1687,0.2263321714202917
1688,0.4727778937018183
1689,0.08129360491316116
1690,-0.04778299412866577
1691,0.46414040436938747
1692,0.12919725293923726
1693,0.42197469286042083
1694,-0.058380877298892575
1695,0.21270623727688653
1696,0.5204935600146035
1697,0.2933496063659716
1698,0.24714148489579532
1699,0.22936185291943462
1700,0.06798802202818023
1701,0.2066910608482575
1702,-0.1733061119695153
1703,-0.09049649223018552
1704,0.6812673977544708
1705,0.1690578542733019
1706,0.3493395040682581
1707,0.24017892779702762
1708,0.596983089567809
1709,0.5388700312051172
1710,-0.005717213196992116
1711,0.2380811728746271
1712,2.123751615545899e-05
1713,0.3886540563381742
1714,0.17367429961374414
1715,0.03513944545011827
1716,0.3475501435898132
1717,-0.20221337867109074
1718,0.05635883916594532
1719,0.45452225083629777
1720,-0.03851170659814987
1721,0.4470359047189561
1722,0.37559348023083383
1723,0.05918901751212391
1724,0.5227573959695155
1725,0.4975348723019238
1726,0.5552129438126638
1727,-0.0021027101584002172
1728,-0.0633313927411551
1729,0.664473257164416
1730,0.6736088708577527
1731,0.4830401348863208
1732,0.4242277636560923
1733,0.055445082784875754
1734,0.37845346094211185
1735,0.5152051023805528
1736,0.10956704966298529
1737,0.6328289883391754
1738,-0.03723867202606165
1739,-0.08615956985560178
1740,0.607545874753918
1741,0.24336777013916056
1742,-0.0270858414960721
1743,0.18061663673187306
1744,0.06835217024089388
1745,0.061548838393707034
1746,0.15942564723985525
1747,0.030706857043154706
1748,0.01690703409024122
1749,-0.06064118123945944
1750,0.39600577736190223
1751,0.447868892106578
1752,0.25631972397561614
1753,0.6357781980600041
1754,0.07355892765797477
1755,0.08000937310827587
1756,0.16367320771495902
1757,0.061075856418155244
1758,0.7109772169011731
1759,0.6051932461273394
1760,-0.023077894956897632
